,lsi_dimensions,outpath,silhouette_score,name,n_clusters,n_isolates,silhouette_samples,damping,convergence_iter,preference_quantile,preference,max_iter
0,850,/gscratch/comdata/output/reddit_clustering/subreddit_comment_authors-tf_10k_LSI/affinity,,damp-0.5_maxit-3000_convit-15_prefq-0.1_lsi-850,1,[9907],,0.5,15,0.1,-0.0020024776458740234,3000
1,850,/gscratch/comdata/output/reddit_clustering/subreddit_comment_authors-tf_10k_LSI/affinity,,damp-0.5_maxit-3000_convit-15_prefq-0.3_lsi-850,1,[9907],,0.5,15,0.3,0.00512772798538208,3000
2,850,/gscratch/comdata/output/reddit_clustering/subreddit_comment_authors-tf_10k_LSI/affinity,,damp-0.5_maxit-3000_convit-15_prefq-0.5_lsi-850,1,[9907],,0.5,15,0.5,0.01738584041595459,3000
3,850,/gscratch/comdata/output/reddit_clustering/subreddit_comment_authors-tf_10k_LSI/affinity,,damp-0.5_maxit-3000_convit-15_prefq-0.7_lsi-850,1,[9907],,0.5,15,0.7,0.041100502014160156,3000
4,850,/gscratch/comdata/output/reddit_clustering/subreddit_comment_authors-tf_10k_LSI/affinity,,damp-0.5_maxit-3000_convit-15_prefq-0.9_lsi-850,1,[9907],,0.5,15,0.9,0.10758550167083758,3000
5,850,/gscratch/comdata/output/reddit_clustering/subreddit_comment_authors-tf_10k_LSI/affinity,,damp-0.6_maxit-3000_convit-15_prefq-0.1_lsi-850,1,[9907],,0.6,15,0.1,-0.0020024776458740234,3000
6,850,/gscratch/comdata/output/reddit_clustering/subreddit_comment_authors-tf_10k_LSI/affinity,,damp-0.6_maxit-3000_convit-15_prefq-0.3_lsi-850,1,[9907],,0.6,15,0.3,0.00512772798538208,3000
7,850,/gscratch/comdata/output/reddit_clustering/subreddit_comment_authors-tf_10k_LSI/affinity,,damp-0.6_maxit-3000_convit-15_prefq-0.5_lsi-850,1,[9907],,0.6,15,0.5,0.01738584041595459,3000
8,850,/gscratch/comdata/output/reddit_clustering/subreddit_comment_authors-tf_10k_LSI/affinity,,damp-0.6_maxit-3000_convit-15_prefq-0.7_lsi-850,1,[9907],,0.6,15,0.7,0.041100502014160156,3000
9,850,/gscratch/comdata/output/reddit_clustering/subreddit_comment_authors-tf_10k_LSI/affinity,0.26413798332214355,damp-0.6_maxit-3000_convit-15_prefq-0.9_lsi-850,1069,3,/gscratch/comdata/output/reddit_clustering/subreddit_comment_authors-tf_10k_LSI/affinity/silhouette_samples-damp-0.6_maxit-3000_convit-15_prefq-0.9_lsi-850.feather,0.6,15,0.9,0.10758550167083758,3000
10,850,/gscratch/comdata/output/reddit_clustering/subreddit_comment_authors-tf_10k_LSI/affinity,0.26915302872657776,damp-0.7_maxit-3000_convit-15_prefq-0.1_lsi-850,986,[],/gscratch/comdata/output/reddit_clustering/subreddit_comment_authors-tf_10k_LSI/affinity/silhouette_samples-damp-0.7_maxit-3000_convit-15_prefq-0.1_lsi-850.feather,0.7,15,0.1,-0.0020024776458740234,3000
11,850,/gscratch/comdata/output/reddit_clustering/subreddit_comment_authors-tf_10k_LSI/affinity,0.2694260776042938,damp-0.7_maxit-3000_convit-15_prefq-0.3_lsi-850,990,[],/gscratch/comdata/output/reddit_clustering/subreddit_comment_authors-tf_10k_LSI/affinity/silhouette_samples-damp-0.7_maxit-3000_convit-15_prefq-0.3_lsi-850.feather,0.7,15,0.3,0.00512772798538208,3000
12,850,/gscratch/comdata/output/reddit_clustering/subreddit_comment_authors-tf_10k_LSI/affinity,0.269046813249588,damp-0.7_maxit-3000_convit-15_prefq-0.5_lsi-850,995,[],/gscratch/comdata/output/reddit_clustering/subreddit_comment_authors-tf_10k_LSI/affinity/silhouette_samples-damp-0.7_maxit-3000_convit-15_prefq-0.5_lsi-850.feather,0.7,15,0.5,0.01738584041595459,3000
13,850,/gscratch/comdata/output/reddit_clustering/subreddit_comment_authors-tf_10k_LSI/affinity,0.26929429173469543,damp-0.7_maxit-3000_convit-15_prefq-0.7_lsi-850,1021,[],/gscratch/comdata/output/reddit_clustering/subreddit_comment_authors-tf_10k_LSI/affinity/silhouette_samples-damp-0.7_maxit-3000_convit-15_prefq-0.7_lsi-850.feather,0.7,15,0.7,0.041100502014160156,3000
14,850,/gscratch/comdata/output/reddit_clustering/subreddit_comment_authors-tf_10k_LSI/affinity,0.2682155966758728,damp-0.7_maxit-3000_convit-15_prefq-0.9_lsi-850,1071,3,/gscratch/comdata/output/reddit_clustering/subreddit_comment_authors-tf_10k_LSI/affinity/silhouette_samples-damp-0.7_maxit-3000_convit-15_prefq-0.9_lsi-850.feather,0.7,15,0.9,0.10758550167083758,3000
15,850,/gscratch/comdata/output/reddit_clustering/subreddit_comment_authors-tf_10k_LSI/affinity,0.2680864930152893,damp-0.8_maxit-3000_convit-15_prefq-0.1_lsi-850,987,[],/gscratch/comdata/output/reddit_clustering/subreddit_comment_authors-tf_10k_LSI/affinity/silhouette_samples-damp-0.8_maxit-3000_convit-15_prefq-0.1_lsi-850.feather,0.8,15,0.1,-0.0020024776458740234,3000
16,850,/gscratch/comdata/output/reddit_clustering/subreddit_comment_authors-tf_10k_LSI/affinity,0.2681819796562195,damp-0.8_maxit-3000_convit-15_prefq-0.3_lsi-850,991,[],/gscratch/comdata/output/reddit_clustering/subreddit_comment_authors-tf_10k_LSI/affinity/silhouette_samples-damp-0.8_maxit-3000_convit-15_prefq-0.3_lsi-850.feather,0.8,15,0.3,0.00512772798538208,3000
17,850,/gscratch/comdata/output/reddit_clustering/subreddit_comment_authors-tf_10k_LSI/affinity,0.2677353322505951,damp-0.8_maxit-3000_convit-15_prefq-0.5_lsi-850,997,[],/gscratch/comdata/output/reddit_clustering/subreddit_comment_authors-tf_10k_LSI/affinity/silhouette_samples-damp-0.8_maxit-3000_convit-15_prefq-0.5_lsi-850.feather,0.8,15,0.5,0.01738584041595459,3000
18,850,/gscratch/comdata/output/reddit_clustering/subreddit_comment_authors-tf_10k_LSI/affinity,0.2675687074661255,damp-0.8_maxit-3000_convit-15_prefq-0.7_lsi-850,1022,[],/gscratch/comdata/output/reddit_clustering/subreddit_comment_authors-tf_10k_LSI/affinity/silhouette_samples-damp-0.8_maxit-3000_convit-15_prefq-0.7_lsi-850.feather,0.8,15,0.7,0.041100502014160156,3000
19,850,/gscratch/comdata/output/reddit_clustering/subreddit_comment_authors-tf_10k_LSI/affinity,0.2676796317100525,damp-0.8_maxit-3000_convit-15_prefq-0.9_lsi-850,1069,3,/gscratch/comdata/output/reddit_clustering/subreddit_comment_authors-tf_10k_LSI/affinity/silhouette_samples-damp-0.8_maxit-3000_convit-15_prefq-0.9_lsi-850.feather,0.8,15,0.9,0.10758550167083758,3000
20,850,/gscratch/comdata/output/reddit_clustering/subreddit_comment_authors-tf_10k_LSI/affinity,0.2660927474498749,damp-0.95_maxit-3000_convit-15_prefq-0.1_lsi-850,989,[],/gscratch/comdata/output/reddit_clustering/subreddit_comment_authors-tf_10k_LSI/affinity/silhouette_samples-damp-0.95_maxit-3000_convit-15_prefq-0.1_lsi-850.feather,0.95,15,0.1,-0.0020024776458740234,3000
21,850,/gscratch/comdata/output/reddit_clustering/subreddit_comment_authors-tf_10k_LSI/affinity,0.26649031043052673,damp-0.95_maxit-3000_convit-15_prefq-0.3_lsi-850,993,[],/gscratch/comdata/output/reddit_clustering/subreddit_comment_authors-tf_10k_LSI/affinity/silhouette_samples-damp-0.95_maxit-3000_convit-15_prefq-0.3_lsi-850.feather,0.95,15,0.3,0.00512772798538208,3000
22,850,/gscratch/comdata/output/reddit_clustering/subreddit_comment_authors-tf_10k_LSI/affinity,0.2681334316730499,damp-0.95_maxit-3000_convit-15_prefq-0.5_lsi-850,1000,[],/gscratch/comdata/output/reddit_clustering/subreddit_comment_authors-tf_10k_LSI/affinity/silhouette_samples-damp-0.95_maxit-3000_convit-15_prefq-0.5_lsi-850.feather,0.95,15,0.5,0.01738584041595459,3000
23,850,/gscratch/comdata/output/reddit_clustering/subreddit_comment_authors-tf_10k_LSI/affinity,0.26766258478164673,damp-0.95_maxit-3000_convit-15_prefq-0.7_lsi-850,1017,[],/gscratch/comdata/output/reddit_clustering/subreddit_comment_authors-tf_10k_LSI/affinity/silhouette_samples-damp-0.95_maxit-3000_convit-15_prefq-0.7_lsi-850.feather,0.95,15,0.7,0.041100502014160156,3000
24,850,/gscratch/comdata/output/reddit_clustering/subreddit_comment_authors-tf_10k_LSI/affinity,0.266513466835022,damp-0.95_maxit-3000_convit-15_prefq-0.9_lsi-850,1068,3,/gscratch/comdata/output/reddit_clustering/subreddit_comment_authors-tf_10k_LSI/affinity/silhouette_samples-damp-0.95_maxit-3000_convit-15_prefq-0.9_lsi-850.feather,0.95,15,0.9,0.10758550167083758,3000
25,850,/gscratch/comdata/output/reddit_clustering/subreddit_comment_authors-tf_10k_LSI/affinity,0.26480019092559814,damp-0.97_maxit-3000_convit-15_prefq-0.1_lsi-850,994,[],/gscratch/comdata/output/reddit_clustering/subreddit_comment_authors-tf_10k_LSI/affinity/silhouette_samples-damp-0.97_maxit-3000_convit-15_prefq-0.1_lsi-850.feather,0.97,15,0.1,-0.0020024776458740234,3000
26,850,/gscratch/comdata/output/reddit_clustering/subreddit_comment_authors-tf_10k_LSI/affinity,0.2656407356262207,damp-0.97_maxit-3000_convit-15_prefq-0.3_lsi-850,996,[],/gscratch/comdata/output/reddit_clustering/subreddit_comment_authors-tf_10k_LSI/affinity/silhouette_samples-damp-0.97_maxit-3000_convit-15_prefq-0.3_lsi-850.feather,0.97,15,0.3,0.00512772798538208,3000
27,850,/gscratch/comdata/output/reddit_clustering/subreddit_comment_authors-tf_10k_LSI/affinity,0.2663413882255554,damp-0.97_maxit-3000_convit-15_prefq-0.5_lsi-850,1001,[],/gscratch/comdata/output/reddit_clustering/subreddit_comment_authors-tf_10k_LSI/affinity/silhouette_samples-damp-0.97_maxit-3000_convit-15_prefq-0.5_lsi-850.feather,0.97,15,0.5,0.01738584041595459,3000
28,850,/gscratch/comdata/output/reddit_clustering/subreddit_comment_authors-tf_10k_LSI/affinity,0.26766258478164673,damp-0.97_maxit-3000_convit-15_prefq-0.7_lsi-850,1017,[],/gscratch/comdata/output/reddit_clustering/subreddit_comment_authors-tf_10k_LSI/affinity/silhouette_samples-damp-0.97_maxit-3000_convit-15_prefq-0.7_lsi-850.feather,0.97,15,0.7,0.041100502014160156,3000
29,850,/gscratch/comdata/output/reddit_clustering/subreddit_comment_authors-tf_10k_LSI/affinity,0.2638072669506073,damp-0.97_maxit-3000_convit-15_prefq-0.9_lsi-850,1073,2,/gscratch/comdata/output/reddit_clustering/subreddit_comment_authors-tf_10k_LSI/affinity/silhouette_samples-damp-0.97_maxit-3000_convit-15_prefq-0.9_lsi-850.feather,0.97,15,0.9,0.10758550167083758,3000
30,850,/gscratch/comdata/output/reddit_clustering/subreddit_comment_authors-tf_10k_LSI/affinity,0.26091066002845764,damp-0.99_maxit-3000_convit-15_prefq-0.1_lsi-850,986,[],/gscratch/comdata/output/reddit_clustering/subreddit_comment_authors-tf_10k_LSI/affinity/silhouette_samples-damp-0.99_maxit-3000_convit-15_prefq-0.1_lsi-850.feather,0.99,15,0.1,-0.0020024776458740234,3000
31,850,/gscratch/comdata/output/reddit_clustering/subreddit_comment_authors-tf_10k_LSI/affinity,0.25959137082099915,damp-0.99_maxit-3000_convit-15_prefq-0.3_lsi-850,991,[],/gscratch/comdata/output/reddit_clustering/subreddit_comment_authors-tf_10k_LSI/affinity/silhouette_samples-damp-0.99_maxit-3000_convit-15_prefq-0.3_lsi-850.feather,0.99,15,0.3,0.00512772798538208,3000
32,850,/gscratch/comdata/output/reddit_clustering/subreddit_comment_authors-tf_10k_LSI/affinity,,damp-0.99_maxit-3000_convit-15_prefq-0.5_lsi-850,1,[],,0.99,15,0.5,0.01738584041595459,3000
33,850,/gscratch/comdata/output/reddit_clustering/subreddit_comment_authors-tf_10k_LSI/affinity,,damp-0.99_maxit-3000_convit-15_prefq-0.7_lsi-850,1,[],,0.99,15,0.7,0.041100502014160156,3000
34,850,/gscratch/comdata/output/reddit_clustering/subreddit_comment_authors-tf_10k_LSI/affinity,,damp-0.99_maxit-3000_convit-15_prefq-0.9_lsi-850,1,[],,0.99,15,0.9,0.10758550167083758,3000
